Date,AAPL,QQQ,GLD,TLT,SPY
2018-12-31,38.39591979980469,151.7650604248047,121.25,116.05675506591797,239.2103729248047
2019-01-02,38.439735412597656,152.37503051757812,121.33000183105469,116.66803741455078,239.459228515625
2019-01-03,34.6108512878418,147.3968963623047,122.43000030517578,117.99566650390625,233.74505615234375
2019-01-04,36.08836364746094,153.7032012939453,121.44000244140625,116.62982177734375,241.57449340820312
2019-01-07,36.00804138183594,155.53311157226562,121.86000061035156,116.2859878540039,243.47926330566406
2019-01-08,36.69446563720703,156.9399871826172,121.52999877929688,115.98033905029297,245.766845703125
2019-01-09,37.31760025024414,158.21897888183594,122.30999755859375,115.79888916015625,246.91542053222656
2019-01-10,37.43687438964844,158.67152404785156,121.58999633789062,115.05387115478516,247.78640747070312
2019-01-11,37.06931686401367,158.09104919433594,121.80000305175781,115.5027847290039,247.8821258544922
2019-01-14,36.511905670166016,156.6940460205078,122.08999633789062,115.07298278808594,246.36984252929688
2019-01-15,37.259185791015625,159.75372314453125,121.87999725341797,114.65274047851562,249.19345092773438
2019-01-16,37.71436309814453,159.72421264648438,122.2699966430664,114.76734161376953,249.7964324951172
2019-01-17,37.93830108642578,160.9835205078125,122.11000061035156,114.79601287841797,251.6916046142578
2019-01-18,38.171974182128906,162.5773162841797,121.0199966430664,114.19426727294922,255.04161071777344
2019-01-22,37.31517028808594,159.3208465576172,121.44999694824219,114.96794128417969,251.59585571289062
2019-01-23,37.46607971191406,159.52743530273438,121.27999877929688,114.920166015625,252.122314453125
2019-01-24,37.16912078857422,160.56045532226562,121.08999633789062,115.6747055053711,252.2562713623047
2019-01-25,38.40078353881836,162.4789276123047,122.86000061035156,115.12073516845703,254.39076232910156
2019-01-28,38.04541015625,160.471923828125,123.29000091552734,115.00611114501953,252.45733642578125
2019-01-29,37.65107727050781,158.95681762695312,123.9800033569336,115.58873748779297,252.122314453125
2019-01-30,40.223941802978516,163.00035095214844,124.69000244140625,115.5027847290039,256.11358642578125
2019-01-31,40.51361083984375,165.4402618408203,124.75,116.49612426757812,258.3629150390625
2019-02-01,40.53308868408203,164.74171447753906,124.5,115.79249572753906,258.4873352050781
2019-02-04,41.68442153930664,166.7880859375,123.95999908447266,115.27557373046875,260.3058776855469
2019-02-05,42.39762496948242,168.26382446289062,124.27999877929688,115.80209350585938,261.3970642089844
2019-02-06,42.4122314453125,167.76206970214844,123.44000244140625,115.85953521728516,261.0524597167969
2019-02-07,41.60896682739258,165.50909423828125,123.73999786376953,116.6253433227539,258.56396484375
2019-02-08,41.657859802246094,165.83377075195312,124.20999908447266,117.12311553955078,258.8797607421875
2019-02-11,41.41828918457031,165.67636108398438,123.5999984741211,116.66364288330078,259.0233154296875
2019-02-12,41.77519989013672,168.1260986328125,123.86000061035156,116.36687469482422,262.354248046875
2019-02-13,41.601627349853516,168.24415588378906,123.37000274658203,115.9265365600586,263.2060546875
2019-02-14,41.75320053100586,168.45074462890625,124.05999755859375,116.58706665039062,262.6221923828125
2019-02-15,41.66029739379883,169.1591033935547,124.80000305175781,116.76895141601562,265.4840393066406
2019-02-19,41.78497314453125,169.49362182617188,126.69999694824219,117.06568145751953,265.9435119628906
2019-02-20,42.05387878417969,169.46409606933594,126.4800033569336,116.73065185546875,266.4795227050781
2019-02-21,41.81675338745117,168.84426879882812,125.05000305175781,115.6872329711914,265.531982421875
2019-02-22,42.28367233276367,170.09375,125.5,116.3764419555664,267.1782531738281
2019-02-25,42.5916862487793,170.7135467529297,125.37000274658203,116.0318374633789,267.5419616699219
2019-02-26,42.616127014160156,170.890625,125.58000183105469,116.60618591308594,267.3505554199219
2019-02-27,42.74813461303711,170.7824249267578,124.69000244140625,115.28516387939453,267.235595703125
2019-02-28,42.327674865722656,170.38890075683594,123.98999786376953,114.89266204833984,266.73785400390625
2019-03-01,42.772586822509766,171.56948852539062,121.87999725341797,113.8307113647461,268.4034118652344
2019-03-04,42.987701416015625,171.59901428222656,121.55999755859375,114.72286987304688,267.4270935058594
2019-03-05,42.90947341918945,171.72691345214844,121.72000122070312,114.96269226074219,267.0633544921875
2019-03-06,42.66257858276367,170.7529296875,121.61000061035156,115.38480377197266,265.4457702636719
2019-03-07,42.16877365112305,168.6573486328125,121.51000213623047,116.133056640625,263.2252197265625
2019-03-08,42.26900100708008,168.40158081054688,122.83999633789062,116.62228393554688,262.69873046875
2019-03-11,43.733299255371094,171.9040069580078,122.23999786376953,116.2769546508789,266.5082092285156
2019-03-12,44.22465515136719,172.84848022460938,122.9800033569336,117.09233856201172,267.51324462890625
2019-03-13,44.42021942138672,174.14710998535156,123.83999633789062,116.8717041015625,269.28399658203125
2019-03-14,44.91402053833008,173.85195922851562,122.41000366210938,116.02751922607422,269.11163330078125
2019-03-15,45.49826431274414,175.46542358398438,122.97000122070312,116.79496765136719,270.4412841796875
2019-03-18,45.962745666503906,175.8833465576172,123.04000091552734,116.72782135009766,271.4218444824219
2019-03-19,45.59850311279297,176.47471618652344,123.37999725341797,116.46882629394531,271.4891357421875
2019-03-20,45.99696731567383,177.17449951171875,124.18000030517578,117.68711853027344,270.67193603515625
2019-03-21,47.6910514831543,179.944091796875,123.68000030517578,117.94613647460938,273.7291564941406
2019-03-22,46.70344543457031,175.9917449951172,123.97000122070312,119.77838897705078,268.4608459472656
2019-03-25,46.13874435424805,175.65664672851562,124.91999816894531,119.97026824951172,268.2589416503906
2019-03-26,45.66205978393555,176.47471618652344,124.30000305175781,119.88391876220703,270.25860595703125
2019-03-27,46.072750091552734,175.3412322998047,123.6500015258789,120.98712158203125,268.84539794921875
2019-03-28,46.13385772705078,175.74534606933594,121.9000015258789,121.4091796875,269.8644104003906
2019-03-29,46.43454360961914,177.075927734375,122.01000213623047,121.29409790039062,271.5660095214844
2019-04-01,46.749900817871094,179.4217071533203,121.52999877929688,119.57123565673828,274.78662109375
2019-04-02,47.42947769165039,180.10177612304688,121.9800033569336,119.7923583984375,274.92120361328125
2019-04-03,47.75461196899414,181.13668823242188,121.80000305175781,118.75402069091797,275.3538513183594
2019-04-04,47.83771896362305,181.06768798828125,122.11000061035156,119.09053802490234,276.0844421386719
2019-04-05,48.157958984375,182.00401306152344,121.9800033569336,119.24434661865234,277.42071533203125
2019-04-08,48.9157829284668,182.46728515625,122.51000213623047,118.82131958007812,277.6322326660156
2019-04-09,48.76910400390625,181.8265838623047,123.1500015258789,119.19628143310547,276.2094421386719
2019-04-10,49.04288864135742,182.80235290527344,123.52999877929688,119.48473358154297,277.151611328125
2019-04-11,48.6346549987793,182.36868286132812,121.94999694824219,118.7828598022461,277.0746154785156
2019-04-12,48.615089416503906,183.15719604492188,121.83000183105469,117.93682098388672,278.9493408203125
2019-04-15,48.703094482421875,183.18675231933594,121.5999984741211,118.23486328125,278.7666320800781
2019-04-16,48.70798873901367,183.8175506591797,120.51000213623047,117.49459075927734,278.9493408203125
2019-04-17,49.6564826965332,184.4582061767578,120.27999877929688,117.54266357421875,278.2667236328125
2019-04-18,49.834938049316406,184.69476318359375,120.37000274658203,118.1579360961914,278.81475830078125
2019-04-22,49.99871826171875,185.2171173095703,120.37000274658203,117.5907211303711,279.0550231933594
2019-04-23,50.719871520996094,187.57275390625,120.12000274658203,117.8406982421875,281.564208984375
2019-04-24,50.64164352416992,186.9813995361328,120.47000122070312,118.80209350585938,280.9393310546875
2019-04-25,50.18206787109375,187.7403106689453,120.56999969482422,118.62904357910156,280.7662658691406
2019-04-26,49.9424934387207,187.9078369140625,121.37000274658203,119.03282928466797,282.0737609863281
2019-04-29,50.01827621459961,188.2725372314453,120.83000183105469,118.27332305908203,282.51593017578125
2019-04-30,49.05511474609375,186.81382751464844,121.19999694824219,118.87903594970703,282.66015625
2019-05-01,51.4630126953125,186.21258544921875,120.4000015258789,119.3694076538086,280.5355224609375
2019-05-02,51.12810516357422,185.40438842773438,119.94000244140625,118.80099487304688,279.92987060546875
2019-05-03,51.763694763183594,188.3612518310547,120.6500015258789,119.13816833496094,282.6697998046875
2019-05-06,50.96432876586914,187.2080535888672,120.80999755859375,119.46575164794922,281.50653076171875
2019-05-07,49.590476989746094,183.56129455566406,121.20999908447266,120.38099670410156,276.805419921875
2019-05-08,49.600250244140625,183.0980682373047,120.91000366210938,119.86077117919922,276.4209289550781
2019-05-09,49.06733703613281,182.11244201660156,121.19999694824219,120.35211181640625,275.5845642089844
2019-05-10,48.38759231567383,182.33912658691406,121.43000030517578,120.18833923339844,276.9689025878906
2019-05-13,45.5753288269043,176.01144409179688,122.66999816894531,121.13249969482422,270.00860595703125
2019-05-14,46.29679489135742,177.9432830810547,122.45999908447266,120.7760238647461,272.4504699707031
2019-05-15,46.85139083862305,180.4565887451172,122.38999938964844,121.51787567138672,274.0463562011719
2019-05-16,46.64525604248047,182.27012634277344,121.51000213623047,121.11322021484375,276.5843505859375
2019-05-17,46.38022994995117,180.4073028564453,120.6500015258789,121.38298034667969,274.79620361328125
2019-05-20,44.929931640625,177.36175537109375,120.63999938964844,121.13249969482422,272.9792785644531
2019-05-21,45.79127502441406,179.21470642089844,120.36000061035156,120.93981170654297,275.4403076171875
2019-05-22,44.853858947753906,178.41635131835938,120.23999786376953,121.63346862792969,274.5943298339844
2019-05-23,44.08821487426758,175.68621826171875,121.16999816894531,123.00154113769531,271.2391662597656
2019-05-24,43.918888092041016,175.59751892089844,121.30000305175781,123.10752868652344,271.8544616699219
2019-05-28,43.7372932434082,174.93714904785156,120.83000183105469,123.993896484375,269.3260498046875
2019-05-29,43.52870559692383,173.49813842773438,120.87000274658203,124.36964416503906,267.5187072753906
2019-05-30,43.75447463989258,174.2274932861328,121.69000244140625,125.43901062011719,268.2493591308594
2019-05-31,42.96184158325195,171.44805908203125,123.33000183105469,127.00946044921875,264.6346130371094
2019-06-03,42.52748107910156,167.6731719970703,125.11000061035156,127.85902404785156,263.961669921875
2019-06-04,44.08330154418945,172.39425659179688,125.1500015258789,126.40123748779297,269.6913757324219
2019-06-05,44.79495620727539,173.67555236816406,125.47000122070312,125.68684387207031,272.0274658203125
2019-06-06,45.4526252746582,175.055419921875,125.87999725341797,126.09230041503906,273.79638671875
2019-06-07,46.66244125366211,178.4360809326172,126.58999633789062,127.18321228027344,276.5362854003906
2019-06-10,47.258758544921875,180.51571655273438,125.33000183105469,125.98606872558594,277.8052978515625
2019-06-11,47.80599594116211,180.7621307373047,125.18000030517578,126.0633316040039,277.73797607421875
2019-06-12,47.653846740722656,179.71737670898438,125.83000183105469,126.15988159179688,277.2477722167969
2019-06-13,47.6440315246582,180.78187561035156,126.5999984741211,126.59427642822266,278.3917236328125
2019-06-14,47.29802703857422,180.01307678222656,126.55999755859375,126.91287231445312,278.08404541015625
2019-06-17,47.580223083496094,181.09727478027344,126.4800033569336,127.13494873046875,278.1898193359375
2019-06-18,48.699249267578125,183.72885131835938,127.12000274658203,127.7720718383789,281.102783203125
2019-06-19,48.55691146850586,184.4187774658203,127.88999938964844,127.95555877685547,281.73724365234375
2019-06-20,48.94709777832031,186.13377380371094,131.11000061035156,128.29342651367188,284.4290466308594
2019-06-21,48.78022384643555,185.85777282714844,131.97999572753906,126.88391876220703,284.0155944824219
2019-06-24,48.731143951416016,185.86370849609375,133.94000244140625,127.83007049560547,283.6678466796875
2019-06-25,47.99250030517578,182.67312622070312,134.1999969482422,128.22586059570312,280.8855895996094
2019-06-26,49.03053283691406,183.52261352539062,132.97000122070312,127.4052963256836,280.60552978515625
2019-06-27,49.01580810546875,184.2239532470703,132.83999633789062,128.3031005859375,281.6005554199219
2019-06-28,48.56917953491211,184.46102905273438,133.1999969482422,128.21620178222656,283.049560546875
2019-07-01,49.4599723815918,186.95028686523438,130.6199951171875,127.91634368896484,285.6192321777344
2019-07-02,49.74954605102539,187.6911163330078,133.41000366210938,128.9029541015625,286.3631286621094
2019-07-03,50.16181945800781,189.1036834716797,133.6300048828125,129.8218994140625,288.6526184082031
2019-07-05,50.11764144897461,188.7184295654297,132.13999938964844,128.1001434326172,288.32415771484375
2019-07-08,49.08451461791992,187.3948211669922,131.2899932861328,128.2742156982422,286.7398681640625
2019-07-09,49.383907318115234,188.33322143554688,131.75,128.22586059570312,287.09722900390625
2019-07-10,49.87224197387695,190.2100067138672,133.8300018310547,127.51974487304688,288.46905517578125
2019-07-11,49.509063720703125,190.0717010498047,132.6999969482422,125.81729888916016,289.1452331542969
2019-07-12,49.88942337036133,191.16815185546875,133.52999877929688,125.96239471435547,290.4397888183594
2019-07-15,50.35813903808594,191.78062438964844,133.52999877929688,126.68783569335938,290.53631591796875
2019-07-16,50.183902740478516,190.79281616210938,132.39999389648438,126.31058502197266,289.5993347167969
2019-07-17,49.90169906616211,189.85440063476562,134.5800018310547,127.67451477050781,287.62860107421875
2019-07-18,50.468563079833984,190.0717010498047,136.47999572753906,127.68418884277344,288.68157958984375
2019-07-19,49.71519470214844,188.6789093017578,134.47000122070312,127.3843002319336,287.0779113769531
2019-07-22,50.851383209228516,190.18035888671875,134.4499969482422,127.62612915039062,287.7831115722656
2019-07-23,51.248924255371094,191.42501831054688,133.69000244140625,126.9296646118164,289.8408203125
2019-07-24,51.207210540771484,192.76840209960938,134.3699951171875,127.48101806640625,291.2029724121094
2019-07-25,50.80230712890625,190.94094848632812,133.4199981689453,126.87166595458984,289.8118591308594
2019-07-26,50.9789924621582,192.90667724609375,133.63999938964844,127.17150115966797,291.75360107421875
2019-07-29,51.45505905151367,192.24485778808594,134.52999877929688,127.21014404296875,291.2222595214844
2019-07-30,51.23420715332031,191.41513061523438,134.97999572753906,127.51974487304688,290.50738525390625
2019-07-31,52.279598236083984,188.76785278320312,133.2100067138672,128.54507446289062,287.32916259765625
2019-08-01,51.148311614990234,187.82943725585938,136.41000366210938,131.09805297851562,284.82708740234375
2019-08-02,50.06611251831055,185.06356811523438,135.88999938964844,132.3095703125,282.6825256347656
2019-08-05,47.44526290893555,178.52435302734375,137.7899932861328,134.59695434570312,274.1813049316406
2019-08-06,48.34341812133789,181.02349853515625,138.91000366210938,135.67282104492188,278.02618408203125
2019-08-07,48.84402847290039,182.00143432617188,141.02000427246094,135.72125244140625,278.1903991699219
2019-08-08,49.92132568359375,185.96249389648438,141.72999572753906,136.01202392578125,283.6485290527344
2019-08-09,49.509952545166016,184.214111328125,141.25999450683594,135.74061584472656,281.7164306640625
2019-08-12,49.38432693481445,182.10018920898438,142.6300048828125,138.57078552246094,278.2870788574219
2019-08-13,51.475669860839844,186.0908966064453,141.77999877929688,138.09585571289062,282.6148376464844
2019-08-14,49.9434928894043,180.5296173095703,142.75,141.20712280273438,274.25860595703125
2019-08-15,49.6947021484375,180.32215881347656,143.6999969482422,142.77725219726562,274.9831237792969
2019-08-16,50.86723709106445,183.21641540527344,142.77999877929688,141.633544921875,279.04052734375
2019-08-19,51.815608978271484,186.13040161132812,141.11000061035156,139.60784912109375,282.40234375
2019-08-20,51.81807327270508,184.688232421875,142.2100067138672,141.05198669433594,280.2383728027344
2019-08-21,52.37970733642578,186.32797241210938,141.75999450683594,140.1118621826172,282.5182189941406
2019-08-22,52.335365295410156,185.72540283203125,141.39999389648438,139.18142700195312,282.43133544921875
2019-08-23,49.91640090942383,179.84805297851562,144.1699981689453,141.4687957763672,275.1763610839844
2019-08-26,50.86477279663086,182.56446838378906,144.19000244140625,140.8969268798828,278.21942138671875
2019-08-27,50.29081726074219,182.17919921875,145.57000732421875,143.0679931640625,277.12774658203125
2019-08-28,50.6282958984375,182.83116149902344,145.16000366210938,143.252197265625,279.07916259765625
2019-08-29,51.48552322387695,185.62661743164062,144.1199951171875,142.7094268798828,282.64385986328125
2019-08-30,51.41901397705078,185.18212890625,143.75,142.74815368652344,282.5182189941406
2019-09-03,50.670169830322266,183.38433837890625,145.75,142.9326629638672,280.8663024902344
2019-09-04,51.529869079589844,186.03164672851562,146.66000366210938,143.14622497558594,284.0543212890625
2019-09-05,52.537353515625,189.43951416015625,143.13999938964844,140.5538330078125,287.7059020996094
2019-09-06,52.53242874145508,189.25184631347656,141.9199981689453,141.55389404296875,287.9280700683594
2019-09-09,52.756587982177734,188.8567352294922,141.38999938964844,139.03916931152344,288.072998046875
2019-09-10,53.379798889160156,188.31346130371094,140.17999267578125,136.60211181640625,288.0053405761719
2019-09-11,55.07701873779297,190.0815887451172,141.02999877929688,136.3593292236328,290.0533752441406
2019-09-12,54.95384979248047,190.871826171875,141.32000732421875,135.46612548828125,291.05804443359375
2019-09-13,53.88477325439453,190.19024658203125,140.14999389648438,132.57264709472656,290.8648681640625
2019-09-16,54.16806411743164,189.3407440185547,141.32000732421875,134.2621307373047,289.96636962890625
2019-09-17,54.36512756347656,190.24952697753906,141.60000610351562,134.99034118652344,290.70062255859375
2019-09-18,54.875022888183594,190.17050170898438,140.7100067138672,135.56317138671875,290.87451171875
2019-09-19,54.42917251586914,190.48660278320312,141.27999877929688,135.97096252441406,290.85516357421875
2019-09-20,53.63352584838867,188.4714813232422,142.9499969482422,137.76724243164062,289.4809265136719
2019-09-23,53.87739181518555,188.55462646484375,143.75,137.7380828857422,289.4129943847656
2019-09-24,53.6212043762207,186.0504608154297,144.50999450683594,139.39842224121094,287.1420593261719
2019-09-25,54.44641876220703,188.138916015625,141.8300018310547,137.35943603515625,288.84039306640625
2019-09-26,54.16560363769531,187.44606018066406,141.7899932861328,138.24302673339844,288.23870849609375
2019-09-27,53.90203094482422,185.1200714111328,141.05999755859375,138.5828399658203,286.6858825683594
2019-09-30,55.17062759399414,186.8818817138672,138.8699951171875,138.92266845703125,288.01544189453125
2019-10-01,55.3233528137207,185.35760498046875,139.6300048828125,139.3408660888672,284.5896301269531
2019-10-02,53.9365119934082,182.17050170898438,141.25999450683594,139.68128967285156,279.56243896484375
2019-10-03,54.394683837890625,184.1698760986328,141.89999389648438,140.95550537109375,281.8528137207031
2019-10-04,55.919471740722656,186.8818817138672,141.89999389648438,141.99623107910156,285.6669006347656
2019-10-07,55.93178939819336,186.3177032470703,140.69000244140625,140.8192901611328,284.434326171875
2019-10-08,55.27655029296875,183.52650451660156,141.9199981689453,141.19863891601562,280.0185852050781
2019-10-09,55.92439270019531,185.31800842285156,142.0500030517578,140.4010772705078,282.677734375
2019-10-10,56.67817306518555,186.75320434570312,140.80999755859375,138.30987548828125,284.5896301269531
2019-10-11,58.18571472167969,189.1584014892578,140.02999877929688,136.5980224609375,287.5399475097656
2019-10-14,58.101951599121094,189.1385955810547,140.58999633789062,137.5901336669922,287.2196960449219
2019-10-15,57.96648025512695,191.5437774658203,139.61000061035156,135.92691040039062,290.0632019042969
2019-10-16,57.73246383666992,191.0686798095703,140.41000366210938,136.0922088623047,289.597412109375
2019-10-17,57.95662307739258,191.573486328125,140.61000061035156,135.76156616210938,290.45147705078125
2019-10-18,58.234981536865234,189.73248291015625,140.4600067138672,135.76156616210938,289.1800842285156
2019-10-21,59.24493408203125,191.4151153564453,139.7899932861328,134.7402801513672,291.14044189453125
2019-10-22,59.10945129394531,189.89083862304688,140.1999969482422,135.52813720703125,290.18939208984375
2019-10-23,59.90263366699219,190.25704956054688,140.52999877929688,135.66429138183594,291.03375244140625
2019-10-24,60.00116729736328,192.1079559326172,141.52999877929688,135.39195251464844,291.5093078613281
2019-10-25,60.74015808105469,193.6421356201172,141.86000061035156,134.73052978515625,292.7030029296875
2019-10-28,61.348594665527344,195.55242919921875,140.63999938964844,133.5050048828125,294.35284423828125
2019-10-29,59.92973327636719,194.0380401611328,140.25,133.59254455566406,294.2655029296875
2019-10-30,59.922340393066406,194.97836303710938,141.02000427246094,135.54754638671875,295.1680908203125
2019-10-31,61.27716064453125,195.0674285888672,142.42999267578125,137.37615966796875,294.3819885253906
2019-11-01,63.016258239746094,196.8391571044922,142.55999755859375,136.95326232910156,297.109130859375
2019-11-04,63.43008804321289,198.05657958984375,142.14999389648438,135.1507568359375,298.3027648925781
2019-11-05,63.33894729614258,198.1654510498047,139.85000610351562,133.63076782226562,297.97283935546875
2019-11-06,63.36604309082031,197.7200469970703,140.4499969482422,134.43951416015625,298.0407409667969
2019-11-07,64.09736633300781,198.38320922851562,138.27000427246094,132.00364685058594,299.0888977050781
2019-11-08,64.27278900146484,199.175048828125,137.38999938964844,131.44822692871094,299.8265380859375
2019-11-11,64.78175354003906,198.90782165527344,137.05999755859375,131.53594970703125,299.25384521484375
2019-11-12,64.72244262695312,199.48187255859375,137.42999267578125,132.1400909423828,299.8846740722656
2019-11-13,65.34259796142578,199.53135681152344,137.97999572753906,132.99746704101562,299.9817810058594
2019-11-14,64.89047241210938,199.37298583984375,138.55999755859375,134.3712921142578,300.4184265136719
2019-11-15,65.66132354736328,200.837890625,138.2100067138672,134.22511291503906,302.5924072265625
2019-11-18,65.99239349365234,200.9962615966797,138.6199951171875,134.4687042236328,302.81561279296875
2019-11-19,65.79226684570312,201.29319763183594,138.69000244140625,135.58920288085938,302.7282409667969
2019-11-20,65.0263442993164,200.0856475830078,138.75999450683594,136.9922637939453,301.6025085449219
2019-11-21,64.73481750488281,199.6402587890625,138.0,136.1348114013672,301.1172180175781
2019-11-22,64.67797088623047,199.7689208984375,137.74000549316406,136.3102264404297,301.7868957519531
2019-11-25,65.81202697753906,202.134521484375,137.0800018310547,136.70970153808594,304.12579345703125
2019-11-26,65.29813385009766,202.5205535888672,137.74000549316406,137.5086669921875,304.81488037109375
2019-11-27,66.17523193359375,203.9359130859375,137.00999450683594,137.10919189453125,306.173583984375
2019-11-29,66.02944946289062,203.00552368164062,137.86000061035156,136.81687927246094,305.0380554199219
2019-12-02,65.26600646972656,200.92697143554688,137.7899932861328,134.99267578125,302.44683837890625
2019-12-03,64.10231018066406,199.3532257080078,139.11000061035156,137.82315063476562,300.4184265136719
2019-12-04,64.66809844970703,200.36280822753906,138.9199981689453,136.44696044921875,302.27215576171875
2019-12-05,65.61683654785156,200.75869750976562,139.0,135.7832794189453,302.81561279296875
2019-12-06,66.88431549072266,202.90655517578125,137.6199951171875,135.03175354003906,305.5815124511719
2019-12-09,65.94792938232422,201.98606872558594,137.5800018310547,135.3245086669922,304.6207580566406
2019-12-10,66.3333511352539,201.81776428222656,137.97000122070312,135.33432006835938,304.2810974121094
2019-12-11,66.89913940429688,202.88674926757812,138.9199981689453,136.39817810058594,305.14483642578125
2019-12-12,67.06962585449219,204.401123046875,138.42999267578125,134.1533203125,307.7748718261719
2019-12-13,67.9813003540039,205.07418823242188,139.0500030517578,135.7052001953125,307.9592590332031
2019-12-16,69.1449966430664,207.1329345703125,139.0399932861328,134.48516845703125,310.074951171875
2019-12-17,69.28089904785156,207.25172424316406,139.00999450683594,134.2996826171875,310.1429443359375
2019-12-18,69.11534881591797,207.41009521484375,139.02000427246094,133.1968231201172,310.1623229980469
2019-12-19,69.18453216552734,208.70672607421875,139.3800048828125,133.40989685058594,311.4336853027344
2019-12-20,69.0412368774414,209.5480499267578,139.52000427246094,133.58587646484375,312.7990417480469
2019-12-23,70.16788482666016,210.1015167236328,139.9499969482422,133.390380859375,313.2769470214844
2019-12-24,70.23458099365234,210.21063232421875,141.27000427246094,133.77163696289062,313.2866516113281
2019-12-26,71.62806701660156,212.0655517578125,142.3800048828125,134.09423828125,314.9543762207031
2019-12-27,71.60087585449219,211.8870086669922,142.3300018310547,134.2408905029297,314.8763732910156
2019-12-30,72.02583312988281,210.49832153320312,142.6300048828125,133.75210571289062,313.1404113769531
2019-12-31,72.55209350585938,210.8950653076172,142.89999389648438,132.44216918945312,313.90106201171875
2020-01-02,74.20746612548828,214.4164581298828,143.9499969482422,133.9378204345703,316.836669921875
2020-01-03,73.48602294921875,212.45240783691406,145.86000061035156,136.00050354003906,314.4375
2020-01-06,74.07157897949219,213.8212890625,147.38999938964844,135.22821044921875,315.6371154785156
2020-01-07,73.72321319580078,213.79151916503906,147.97000122070312,134.56349182128906,314.74957275390625
2020-01-08,74.90914916992188,215.3984375,146.86000061035156,133.6739044189453,316.42706298828125
2020-01-09,76.50027465820312,217.2236328125,146.02999877929688,134.14312744140625,318.5726318359375
2020-01-10,76.67322540283203,216.6681365966797,146.91000366210938,135.33578491210938,317.6558837890625
2020-01-13,78.31129455566406,219.1678009033203,145.82000732421875,134.9252166748047,319.84051513671875
2020-01-14,77.25383758544922,218.30482482910156,145.69000244140625,135.6192626953125,319.3528747558594
2020-01-15,76.92277526855469,218.3940887451172,146.5399932861328,136.51864624023438,320.0745849609375
2020-01-16,77.88633728027344,220.48707580566406,146.30999755859375,136.08853149414062,322.737060546875
2020-01-17,78.74861907958984,221.5782012939453,146.5800018310547,134.9252166748047,323.74163818359375
2020-01-21,78.21495056152344,221.47901916503906,146.74000549316406,136.34266662597656,323.1076965332031
2020-01-22,78.494140625,222.06423950195312,146.7899932861328,136.8216552734375,323.14666748046875
2020-01-23,78.87215423583984,222.77845764160156,147.1199951171875,137.77969360351562,323.51727294921875
2020-01-24,78.64485168457031,220.90370178222656,147.97999572753906,138.89410400390625,320.64019775390625
2020-01-27,76.332275390625,216.34080505371094,148.99000549316406,141.05458068847656,315.5005798339844
2020-01-28,78.49166870117188,219.6637725830078,147.66000366210938,139.94989013671875,318.8067321777344
2020-01-29,80.13467407226562,220.0208740234375,148.4600067138672,141.3185577392578,318.5434265136719
2020-01-30,80.0185546875,220.80450439453125,148.47000122070312,141.33807373046875,319.57720947265625
2020-01-31,76.47063446044922,217.302978515625,149.3300018310547,142.62852478027344,313.77435302734375
2020-02-03,76.26062774658203,220.58627319335938,148.36000061035156,142.51295471191406,316.105224609375
2020-02-04,78.77826690673828,225.63522338867188,146.42999267578125,140.59375,320.9230651855469
2020-02-05,79.42064666748047,226.37916564941406,146.61000061035156,139.05638122558594,324.6291198730469
2020-02-06,80.3496322631836,228.33328247070312,147.39999389648438,139.6830596923828,325.721435546875
2020-02-07,79.2574691772461,227.35125732421875,147.7899932861328,141.42604064941406,323.98541259765625
2020-02-10,79.63390350341797,230.09890747070312,148.1699981689453,141.81773376464844,326.4040832519531
2020-02-11,79.1534423828125,230.13856506347656,147.66000366210938,141.1029052734375,326.9697570800781
2020-02-12,81.03316497802734,232.38037109375,147.5399932861328,140.3880615234375,329.0763244628906
2020-02-13,80.45611572265625,232.08279418945312,148.3800048828125,140.9266357421875,328.7252197265625
2020-02-14,80.47593688964844,232.74737548828125,149.0,141.5435028076172,329.2519226074219
2020-02-18,79.00238037109375,232.83663940429688,150.91000366210938,142.51295471191406,328.4034118652344
2020-02-19,80.14654541015625,235.06851196289062,151.7899932861328,142.50315856933594,329.97357177734375
2020-02-20,79.32433319091797,232.88624572753906,152.41000366210938,143.619384765625,328.6180114746094
2020-02-21,77.52880859375,228.41262817382812,154.6999969482422,144.9609375,325.2337951660156
2020-02-24,73.84616088867188,219.604248046875,156.08999633789062,147.12498474121094,314.4472961425781
2020-02-25,71.34484100341797,213.63279724121094,153.3000030517578,147.90835571289062,304.9188232421875
2020-02-26,72.47663116455078,214.73385620117188,153.97000122070312,147.12498474121094,303.79730224609375
2020-02-27,67.73896789550781,203.98129272460938,154.0,148.7211151123047,290.1532287597656
2020-02-28,67.6993408203125,204.1400146484375,148.3800048828125,152.0797576904297,288.9341735839844
2020-03-02,74.002197265625,214.67434692382812,149.1999969482422,150.96083068847656,301.4468688964844
2020-03-03,71.65193176269531,207.79031372070312,153.88999938964844,153.3045654296875,292.81573486328125
2020-03-04,74.97547912597656,216.45982360839844,154.16000366210938,151.6767120361328,305.1236267089844
2020-03-05,72.54349517822266,209.88330078125,157.49000549316406,155.4521942138672,294.9808044433594
2020-03-06,71.58012390136719,206.3421173095703,157.5500030517578,163.5425262451172,290.1044616699219
2020-03-09,65.91869354248047,192.0086669921875,157.80999755859375,167.97506713867188,267.44891357421875
2020-03-10,70.66626739501953,202.46363830566406,154.47999572753906,159.36497497558594,281.2879943847656
2020-03-11,68.21199035644531,193.64535522460938,153.92999267578125,153.500732421875,267.57568359375
2020-03-12,61.475738525390625,175.88973999023438,147.7899932861328,154.45193481445312,241.9747772216797
2020-03-13,68.84103393554688,190.78858947753906,143.27999877929688,150.96083068847656,262.66033935546875
2020-03-16,59.98484420776367,167.93441772460938,141.63999938964844,160.7378692626953,233.91903686523438
2020-03-17,62.62238693237305,180.67083740234375,143.55999755859375,150.01939392089844,246.54879760742188
2020-03-18,61.089393615722656,175.17555236816406,140.6999969482422,141.5564422607422,234.06532287597656
2020-03-19,60.62131881713867,176.2270050048828,138.0399932861328,145.4103546142578,234.56271362304688
2020-03-20,56.77274703979492,169.32315063476562,140.11000061035156,156.34458923339844,224.4544219970703
2020-03-23,55.56665802001953,169.4453887939453,146.3000030517578,162.78744506835938,218.7155303955078
2020-03-24,61.14140701293945,182.5668182373047,153.39999389648438,159.75723266601562,238.5318603515625
2020-03-25,60.804588317871094,181.2149200439453,151.3000030517578,159.39439392089844,242.1027374267578
2020-03-26,64.00431060791016,190.7577667236328,153.24000549316406,160.17893981933594,256.23907470703125
2020-03-27,61.35438537597656,184.1970672607422,152.25,164.4545440673828,248.60679626464844
2020-03-30,63.10531234741211,190.89695739746094,152.9199981689453,163.10125732421875,256.68048095703125
2020-03-31,62.976531982421875,189.26670837402344,148.0500030517578,161.77737426757812,252.85458374023438
2020-04-01,59.66289520263672,181.224853515625,149.4499969482422,164.04393005371094,241.47488403320312
2020-04-02,60.658470153808594,184.90281677246094,151.89999389648438,165.08493041992188,247.0469970703125
2020-04-03,59.78672409057617,182.27854919433594,152.64999389648438,165.47775268554688,243.4761505126953
2020-04-06,65.00235748291016,195.31051635742188,156.8800048828125,165.045654296875,259.8294982910156
2020-04-07,64.2494888305664,195.23098754882812,156.0399932861328,163.31723022460938,260.09442138671875
2020-04-08,65.89392852783203,199.3761749267578,154.64999389648438,162.12896728515625,268.82537841796875
2020-04-09,66.36941528320312,199.66444396972656,158.69000244140625,162.42356872558594,272.91619873046875
2020-04-13,67.6720962524414,201.82151794433594,161.41000366210938,160.9406280517578,270.4244079589844
2020-04-14,71.0897445678711,210.59896850585938,162.67999267578125,160.90135192871094,278.3999938964844
2020-04-15,70.4408950805664,208.1834259033203,161.85000610351562,165.1635284423828,272.4845275878906
2020-04-16,71.00060272216797,211.98069763183594,161.7100067138672,167.03929138183594,273.7991027832031
2020-04-17,70.03721618652344,214.008544921875,158.57000732421875,164.8001708984375,281.19586181640625
2020-04-20,68.5834732055664,211.47373962402344,159.6999969482422,166.1259307861328,276.2417907714844
2020-04-21,66.46353912353516,203.67047119140625,158.61000061035156,168.2177276611328,267.8541564941406
2020-04-22,68.37792205810547,209.71426391601562,161.72999572753906,166.49911499023438,273.7991027832031
2020-04-23,68.11292266845703,209.26693725585938,163.33999633789062,167.3829803466797,273.7794189453125
2020-04-24,70.07931518554688,212.5671844482422,162.63999938964844,167.7758026123047,277.5955810546875
2020-04-27,70.12885284423828,214.27694702148438,161.55999755859375,164.65286254882812,281.5980529785156
2020-04-28,68.99211883544922,210.24111938476562,160.83999633789062,166.54823303222656,280.3031311035156
2020-04-29,71.25816345214844,217.6964569091797,161.72999572753906,165.6840362548828,287.6410217285156
2020-04-30,72.76143646240234,217.6070098876953,158.8000030517578,163.74932861328125,284.96295166015625
2020-05-01,71.59003448486328,211.47373962402344,159.77999877929688,165.15158081054688,277.41900634765625
2020-05-04,72.60293579101562,213.93898010253906,160.33999633789062,164.37477111816406,278.18414306640625
2020-05-05,73.692626953125,216.3644561767578,161.02000427246094,163.3225555419922,280.7544250488281
2020-05-06,74.45292663574219,217.6964569091797,158.9499969482422,160.687255859375,278.85125732421875
2020-05-07,75.22313690185547,220.4997100830078,161.38999938964844,163.37173461914062,282.21612548828125
2020-05-08,77.01358032226562,223.5216064453125,160.4199981689453,161.2477569580078,286.8857116699219
2020-05-11,78.22541046142578,225.51963806152344,159.4199981689453,159.98902893066406,286.944580078125
2020-05-12,77.33143615722656,220.79791259765625,160.0399932861328,161.6312255859375,281.2253112792969
2020-05-13,76.39772033691406,218.03445434570312,161.5800018310547,162.76210021972656,276.2515869140625
2020-05-14,76.8670654296875,220.50962829589844,163.00999450683594,164.35507202148438,279.5575866699219
2020-05-15,76.4126205444336,221.94107055664062,163.92999267578125,163.93223571777344,280.84271240234375
2020-05-18,78.21299743652344,226.07626342773438,162.69000244140625,160.33323669433594,289.3970642089844
2020-05-19,77.76103973388672,225.50967407226562,164.25999450683594,160.9330596923828,286.42462158203125
2020-05-20,79.27335357666016,230.01272583007812,164.64999389648438,161.4149169921875,291.2904052734375
2020-05-21,78.68232727050781,227.50772094726562,162.25,161.81808471679688,289.27935791015625
2020-05-22,79.18892669677734,228.2930450439453,163.2100067138672,162.7915802001953,289.8287353515625
2020-05-26,78.65254211425781,227.6767120361328,160.88999938964844,160.60861206054688,293.3995666503906
2020-05-27,78.99522399902344,228.9192657470703,161.17999267578125,160.3135528564453,297.76507568359375
2020-05-28,79.02998352050781,228.62106323242188,161.72000122070312,159.7235870361328,297.2156982421875
2020-05-29,78.95301818847656,231.97100830078125,162.91000366210938,160.8642120361328,298.54010009765625
2020-06-01,79.92396545410156,232.6668243408203,163.66000366210938,159.78118896484375,299.7467041015625
2020-06-02,80.2939682006836,234.2274932861328,162.60000610351562,159.20030212402344,302.2286376953125
2020-06-03,80.73599243164062,235.28118896484375,159.60000610351562,157.08335876464844,306.2507629394531
2020-06-04,80.04067993164062,233.6310577392578,161.27999877929688,154.80892944335938,305.4463806152344
2020-06-05,82.32032775878906,238.26333618164062,158.00999450683594,153.7061767578125,313.2747497558594
2020-06-08,82.80703735351562,240.11224365234375,159.72000122070312,154.29693603515625,317.0614929199219
2020-06-09,85.42192077636719,241.85183715820312,161.25999450683594,156.04953002929688,314.697265625
2020-06-10,87.61961364746094,244.75445556640625,163.57000732421875,158.36334228515625,312.9412841796875
2020-06-11,83.4129638671875,232.6270751953125,162.38999938964844,161.3565216064453,294.9005126953125
2020-06-12,84.13309478759766,234.4759979248047,162.6199951171875,159.80088806152344,298.4321594238281
2020-06-15,85.173583984375,237.3289337158203,162.3300018310547,159.88949584960938,301.2181701660156
2020-06-16,87.4308853149414,241.40451049804688,162.25,157.4378204345703,307.0159606933594
2020-06-17,87.3092041015625,242.169921875,162.55999755859375,158.08767700195312,305.7406921386719
2020-06-18,87.34397888183594,242.82598876953125,162.24000549316406,159.76148986816406,305.8583679199219
2020-06-19,86.84483337402344,242.7862548828125,164.02999877929688,159.88949584960938,304.11041259765625
2020-06-22,89.11702728271484,245.69789123535156,165.08999633789062,159.90916442871094,306.0613708496094
2020-06-23,91.01920318603516,247.7890167236328,166.47999572753906,158.81626892089844,307.4703369140625
2020-06-24,89.41253662109375,242.68067932128906,165.89999389648438,160.5196075439453,299.6271667480469
2020-06-25,90.59953308105469,244.99087524414062,165.8000030517578,160.98239135742188,302.83935546875
2020-06-26,87.81578826904297,239.20541381835938,166.5399932861328,162.7054443359375,295.6464538574219
2020-06-29,89.83965301513672,241.81434631347656,166.6300048828125,162.19346618652344,299.9917297363281
2020-06-30,90.589599609375,246.55426025390625,167.3699951171875,161.40574645996094,303.83453369140625
2020-07-01,90.41825103759766,249.4320526123047,166.6199951171875,161.09231567382812,305.96282958984375
2020-07-02,90.41825103759766,251.1248779296875,166.97999572753906,161.25985717773438,307.647705078125
2020-07-06,92.83695983886719,257.2987060546875,167.97999572753906,160.59942626953125,312.3970031738281
2020-07-07,92.54888916015625,255.5261688232422,169.0399932861328,162.85682678222656,309.1749572753906
2020-07-08,94.7043685913086,258.89190673828125,170.08999633789062,162.2062225341797,311.5397644042969
2020-07-09,95.11164093017578,261.0726623535156,169.6300048828125,164.7888641357422,309.76617431640625
2020-07-10,95.27801513671875,262.8551330566406,169.19000244140625,163.96084594726562,312.9290771484375
2020-07-13,94.83847045898438,257.44805908203125,169.39999389648438,164.50302124023438,310.2193908691406
2020-07-14,96.40789794921875,259.2702941894531,170.19000244140625,164.7396240234375,314.23956298828125
2020-07-15,97.07093048095703,259.7980651855469,170.33999633789062,163.97068786621094,317.12652587890625
2020-07-16,95.87647247314453,258.0256042480469,168.72999572753906,164.7494659423828,316.08209228515625
2020-07-17,95.68277740478516,258.3243713378906,170.1199951171875,164.40443420410156,316.9984436035156
2020-07-20,97.69918823242188,265.6532287597656,170.94000244140625,164.80860900878906,319.560302734375
2020-07-21,96.35078430175781,262.885009765625,173.0,164.90716552734375,320.2402038574219
2020-07-22,96.62145233154297,263.81103515625,175.6300048828125,165.40005493164062,322.06298828125
2020-07-23,92.22358703613281,256.9202880859375,177.17999267578125,167.33213806152344,318.2202453613281
2020-07-24,91.99512481689453,254.4806365966797,178.6999969482422,167.322265625,316.1708068847656
2020-07-27,94.17543029785156,259.0213623046875,182.22999572753906,166.7012481689453,318.4764404296875
2020-07-28,92.62836456298828,255.72532653808594,183.75,167.85455322265625,316.45654296875
2020-07-29,94.40389251708984,258.6728515625,185.1300048828125,167.5687255859375,320.3485412597656
2020-07-30,95.54620361328125,260.027099609375,183.75999450683594,168.6727752685547,319.2055969238281
2020-07-31,105.5488052368164,264.6674499511719,185.42999267578125,168.56434631347656,321.72796630859375
2020-08-03,108.20838928222656,268.2422790527344,185.63999938964844,167.7156524658203,323.9647216796875
2020-08-04,108.93101501464844,269.238037109375,189.58999633789062,169.3143310546875,325.216064453125
2020-08-05,109.32585144042969,269.90521240234375,191.35000610351562,167.8340606689453,327.2359313964844
2020-08-06,113.14015197753906,273.4800720214844,193.88999938964844,168.7715606689453,329.4233703613281
2020-08-07,110.56783294677734,270.32342529296875,190.80999755859375,167.6465606689453,329.659912109375
2020-08-10,112.17491149902344,269.1683349609375,190.14999389648438,166.8965301513672,330.64520263671875
2020-08-11,108.83883666992188,264.0699462890625,179.94000244140625,164.91297912597656,327.91583251953125
2020-08-12,112.45602416992188,270.7117614746094,179.10000610351562,163.41294860839844,332.48773193359375
2020-08-13,114.44621276855469,271.3291931152344,183.3300018310547,161.66622924804688,331.8866882324219
2020-08-14,114.34422302246094,271.0105285644531,182.5399932861328,161.03463745117188,331.89654541015625
2020-08-17,114.04568481445312,274.1571960449219,186.5,161.43922424316406,332.95086669921875
2020-08-18,114.99600982666016,276.7959899902344,188.17999267578125,162.59385681152344,333.670166015625
2020-08-19,115.14029693603516,274.93389892578125,182.24000549316406,161.577392578125,332.28082275390625
2020-08-20,117.6952133178711,278.7477111816406,183.5,163.03797912597656,333.3154296875
2020-08-21,123.76033782958984,280.67950439453125,182.02999877929688,164.0149383544922,334.4978332519531
2020-08-24,125.24053955078125,282.4320983886719,181.0,163.74850463867188,337.8873596191406
2020-08-25,124.21310424804688,284.65264892578125,181.22000122070312,162.49517822265625,339.0697021484375
2020-08-26,125.90228271484375,290.7268981933594,183.36000061035156,161.8734588623047,342.4690856933594
2020-08-27,124.39720153808594,289.82073974609375,181.24000549316406,159.12017822265625,343.2179260253906
2020-08-28,124.19569396972656,291.29449462890625,184.38999938964844,159.00169372558594,345.4349060058594
2020-08-31,128.40744018554688,293.6345520019531,184.8300018310547,160.0576629638672,344.18353271484375
2020-09-01,133.52224731445312,298.6533203125,185.0500030517578,161.8883514404297,347.4252624511719
2020-09-02,130.75587463378906,301.48126220703125,182.6199951171875,163.42958068847656,352.450439453125
2020-09-03,120.28743743896484,286.19610595703125,181.13999938964844,163.89395141601562,340.32110595703125
2020-09-04,120.36705017089844,282.38226318359375,181.63999938964844,160.7818603515625,337.5424499511719
2020-09-08,112.26695251464844,268.8098449707031,181.2899932861328,161.7698211669922,328.3197937011719
2020-09-09,116.74488830566406,276.70635986328125,183.0500030517578,161.3350830078125,334.80328369140625
2020-09-10,112.93367004394531,271.18975830078125,182.4600067138672,162.15513610839844,328.9898681640625
2020-09-11,111.45097351074219,269.3077392578125,182.4499969482422,162.5009002685547,329.1573486328125
2020-09-14,114.79450225830078,273.99786376953125,183.88999938964844,162.4910125732422,333.4927978515625
2020-09-15,114.97362518310547,277.88134765625,183.4499969482422,162.09584045410156,335.1777038574219
2020-09-16,111.58032989501953,273.4501647949219,183.97000122070312,161.61170959472656,333.84747314453125
2020-09-17,109.79911041259766,269.1783142089844,182.9600067138672,162.10574340820312,330.9112243652344
2020-09-18,106.3162612915039,265.74285888671875,183.1999969482422,161.6018524169922,327.1015319824219
2020-09-21,109.5403823852539,266.38018798828125,179.52000427246094,162.42185974121094,323.4610290527344
2020-09-22,111.26189422607422,271.3291931152344,178.64999389648438,162.29344177246094,326.75531005859375
2020-09-23,106.59490203857422,263.0443115234375,174.7899932861328,162.5107879638672,319.17755126953125
2020-09-24,107.68950653076172,264.2691345214844,175.44000244140625,163.13319396972656,320.0282897949219
2020-09-25,111.7295913696289,270.4130554199219,174.94000244140625,163.13319396972656,325.2021484375
2020-09-28,114.39645385742188,276.0292663574219,176.6999969482422,162.66885375976562,330.60357666015625
2020-09-29,113.53072357177734,274.7845458984375,178.19000244140625,162.85659790039062,328.8031005859375
2020-09-30,115.24229431152344,276.66656494140625,177.1199951171875,161.2955780029297,331.2960510253906
2020-10-01,116.21749114990234,281.05792236328125,178.6999969482422,161.56163024902344,333.4229736328125
2020-10-02,112.46597290039062,273.15142822265625,178.5399932861328,160.9583282470703,330.25732421875
2020-10-05,115.92890930175781,278.97674560546875,179.41000366210938,157.8133544921875,336.11376953125
2020-10-06,112.60528564453125,273.99786376953125,177.3000030517578,158.66387939453125,331.33563232421875
2020-10-07,114.51587677001953,278.7377624511719,177.22000122070312,157.5067596435547,337.10308837890625
2020-10-08,114.40641021728516,280.2214660644531,177.85000610351562,158.3572998046875,340.09063720703125
2020-10-09,116.3966064453125,284.5032958984375,181.0800018310547,158.32762145996094,343.127685546875
2020-10-12,123.79019165039062,293.2860412597656,180.55999755859375,158.83201599121094,348.6478271484375
2020-10-13,120.50635528564453,293.27606201171875,177.72000122070312,159.9693603515625,346.37249755859375
2020-10-14,120.5959243774414,290.82647705078125,178.27000427246094,160.3352813720703,344.19610595703125
2020-10-15,120.11827087402344,288.8747863769531,178.9199981689453,160.058349609375,343.77069091796875
2020-10-16,118.43655395507812,287.2914733886719,178.3000030517578,159.6133270263672,343.56298828125
2020-10-19,115.41146087646484,282.6013488769531,178.38999938964844,159.010009765625,338.3396301269531
2020-10-20,116.93396759033203,283.2087707519531,179.25,157.4968719482422,339.6949462890625
2020-10-21,116.29710388183594,282.9897155761719,180.60000610351562,156.9529266357422,339.05194091796875
2020-10-22,115.18258666992188,282.9797668457031,178.8300018310547,155.3210906982422,340.9117126464844
2020-10-23,114.47607421875,283.53741455078125,178.63999938964844,156.27052307128906,342.0691833496094
2020-10-26,114.48602294921875,279.2854309082031,178.5500030517578,157.72430419921875,335.747802734375
2020-10-27,116.02842712402344,281.4661865234375,179.02000427246094,158.78257751464844,334.59033203125
2020-10-28,110.65489196777344,270.4927062988281,176.1300048828125,158.93087768554688,323.15435791015625
2020-10-29,114.75469970703125,275.2226867675781,175.39999389648438,157.3880615234375,326.4387512207031
2020-10-30,108.32636260986328,268.2422790527344,176.1999969482422,155.83538818359375,323.0356750488281
2020-11-02,108.23680877685547,268.8397521972656,177.91000366210938,157.0026397705078,326.6564025878906
2020-11-03,109.89862060546875,273.489990234375,178.9199981689453,156.09178161621094,332.4237976074219
2020-11-04,114.38651275634766,285.6982116699219,178.82000732421875,159.477783203125,339.8532409667969
2020-11-05,118.4465103149414,293.1466369628906,182.92999267578125,159.75498962402344,346.4813232421875
2020-11-06,118.31195068359375,293.3656921386719,183.19000244140625,157.82437133789062,346.40216064453125
2020-11-09,115.94949340820312,287.3711242675781,175.0800018310547,154.5076904296875,350.75494384765625
2020-11-10,115.6006088256836,282.22296142578125,175.66000366210938,153.61663818359375,350.2405700683594
2020-11-11,119.10939025878906,288.53619384765625,174.89999389648438,154.17108154296875,352.84234619140625
2020-11-12,118.83028411865234,287.18194580078125,175.9600067138672,156.79473876953125,349.41943359375
2020-11-13,118.880126953125,289.70123291015625,177.16000366210938,156.58680725097656,354.2569885253906
2020-11-16,119.91681671142578,291.961669921875,177.14999389648438,156.21058654785156,358.6789855957031
2020-11-17,119.00971221923828,291.0355529785156,176.5,157.23033142089844,356.7499084472656
2020-11-18,117.65404510498047,288.8846740722656,175.49000549316406,157.685791015625,352.45648193359375
2020-11-19,118.2621078491211,291.1451416015625,175.16000366210938,158.4976043701172,353.9403991699219
2020-11-20,116.96623992919922,289.153564453125,175.69000244140625,159.9034881591797,351.5166931152344
2020-11-23,113.48735809326172,289.16357421875,172.22999572753906,159.1708526611328,353.6238098144531
2020-11-24,114.80315399169922,293.2262878417969,169.58999633789062,157.58676147460938,359.322021484375
2020-11-25,115.66041564941406,295.0286560058594,169.50999450683594,157.1016387939453,358.76806640625
2020-11-27,116.2186279296875,297.74713134765625,167.7899932861328,158.62631225585938,359.7672424316406
2020-11-30,118.6707992553711,298.3545227050781,166.6699981689453,158.42831420898438,358.17449951171875
2020-12-01,122.32910919189453,302.1783142089844,170.17999267578125,156.0923614501953,362.0919494628906
2020-12-02,122.68795776367188,302.5666809082031,171.4600067138672,154.8535614013672,362.85369873046875
2020-12-03,122.54840850830078,302.994873046875,172.80999755859375,156.10226440429688,362.7547912597656
2020-12-04,121.86061096191406,304.2296142578125,172.32000732421875,153.8129119873047,365.8808898925781
2020-12-07,123.35582733154297,305.9523010253906,174.88999938964844,155.20042419433594,365.1289978027344
2020-12-08,123.98381805419922,306.9879150390625,175.5,155.93380737304688,366.19744873046875
2020-12-09,121.39209747314453,300.0373840332031,172.5,155.41845703125,362.9130859375
2020-12-10,122.84745025634766,301.2422790527344,172.1699981689453,156.7960662841797,362.79437255859375
2020-12-11,122.02009582519531,300.57513427734375,172.49000549316406,157.3510284423828,362.36895751953125
2020-12-14,121.39209747314453,302.7558898925781,171.5399932861328,156.9149627685547,360.74658203125
2020-12-15,127.47266387939453,305.9921569824219,173.94000244140625,156.3897247314453,365.6236572265625
2020-12-16,127.40289306640625,307.6750183105469,174.89999389648438,155.97344970703125,366.19744873046875
2020-12-17,128.29005432128906,309.6864929199219,176.74000549316406,155.56072998046875,368.2452087402344
2020-12-18,126.25656127929688,308.75042724609375,176.44000244140625,155.09445190429688,366.7748718261719
2020-12-21,127.82154846191406,308.1728515625,175.8800048828125,155.70953369140625,365.46343994140625
2020-12-22,131.45993041992188,309.01080322265625,174.49000549316406,156.51316833496094,364.84747314453125
2020-12-23,130.54286193847656,307.45458984375,175.64999389648438,155.4317626953125,365.17535400390625
2020-12-24,131.5496368408203,308.8113098144531,176.35000610351562,156.046875,366.5960388183594
2020-12-28,136.25460815429688,311.92376708984375,175.7100067138672,156.11631774902344,369.7453918457031
2020-12-29,134.44039916992188,312.20306396484375,176.35000610351562,155.9178924560547,369.0400085449219
2020-12-30,133.2940673828125,312.21307373046875,177.6999969482422,156.25518798828125,369.5665588378906
2020-12-31,132.26734924316406,312.9811706542969,178.36000061035156,156.48336791992188,371.4442443847656
2021-01-04,128.997802734375,308.5618896484375,182.3300018310547,156.29489135742188,366.38739013671875
2021-01-05,130.5926971435547,311.1057434082031,182.8699951171875,155.13414001464844,368.91082763671875
2021-01-06,126.19674682617188,306.7961730957031,179.89999389648438,151.94952392578125,371.11639404296875
2021-01-07,130.50299072265625,314.21820068359375,179.47999572753906,150.61016845703125,376.6302490234375
2021-01-08,131.62937927246094,318.2583923339844,173.33999633789062,150.12405395507812,378.77618408203125
2021-01-11,128.5691680908203,313.6595764160156,173.0,149.87603759765625,376.2229309082031
2021-01-12,128.38973999023438,313.1607360839844,174.1199951171875,149.75697326660156,376.3023681640625
2021-01-13,130.47308349609375,315.275634765625,173.3699951171875,151.44351196289062,377.31573486328125
2021-01-14,128.49940490722656,313.5897216796875,173.27999877929688,150.02484130859375,375.994384765625
2021-01-15,126.73502349853516,311.1057434082031,171.1300048828125,150.62008666992188,373.25238037109375
2021-01-19,127.4228286743164,315.6447448730469,172.5800018310547,151.10621643066406,376.18316650390625
2021-01-20,131.6094512939453,322.9869079589844,175.38999938964844,151.25503540039062,381.3890380859375
2021-01-21,136.43402099609375,325.5706481933594,175.27999877929688,150.1935272216797,381.73675537109375
2021-01-22,138.6270294189453,324.6329345703125,173.89999389648438,150.6796417236328,380.3856201171875
2021-01-25,142.4647674560547,327.31640625,174.0500030517578,152.45547485351562,381.88580322265625
2021-01-26,142.70401000976562,327.7952575683594,173.6199951171875,152.1677703857422,381.2897033691406
2021-01-27,141.60751342773438,318.6574401855469,172.52000427246094,152.55470275878906,371.9707946777344
2021-01-28,136.65333557128906,320.5428771972656,172.67999267578125,151.7113800048828,375.1698303222656
2021-01-29,131.5396728515625,313.7991943359375,172.61000061035156,150.79867553710938,367.6590881347656
2021-02-01,133.7127227783203,321.64019775390625,174.22999572753906,150.97349548339844,373.7789611816406
2021-02-02,134.56002807617188,326.8874816894531,172.11000061035156,150.00010681152344,379.06427001953125
2021-02-03,133.5133819580078,325.5906066894531,171.85000610351562,148.66915893554688,379.3623352050781
2021-02-04,136.95237731933594,329.4412841796875,168.14999389648438,148.27186584472656,383.6740417480469
2021-02-05,136.52809143066406,330.5585632324219,169.80999755859375,147.0302734375,385.18414306640625
2021-02-08,136.67784118652344,332.773193359375,171.52000427246094,147.67588806152344,387.9659118652344
2021-02-09,135.77935791015625,332.7033996582031,172.0800018310547,147.78515625,387.70758056640625
2021-02-10,135.16041564941406,331.9451904296875,172.7100067138672,148.76846313476562,387.5386962890625
2021-02-11,134.90086364746094,333.770751953125,171.2100067138672,147.95401000976562,388.1645812988281
2021-02-12,135.14044189453125,335.6362609863281,170.69000244140625,146.11651611328125,390.08203125
2021-02-16,132.9641571044922,334.7284851074219,168.24000549316406,143.89163208007812,389.74420166015625
2021-02-17,130.61813354492188,333.1223449707031,166.3300018310547,144.805419921875,389.83367919921875
2021-02-18,129.49005126953125,331.6658935546875,166.32000732421875,144.2194061279297,388.1745300292969
2021-02-19,129.6497802734375,330.2193908691406,167.00999450683594,142.30245971679688,387.4890441894531
2021-02-22,125.78634643554688,321.6601257324219,169.50999450683594,141.21978759765625,384.508544921875
2021-02-23,125.6465835571289,320.7024841308594,169.1199951171875,140.8125762939453,384.9754943847656
2021-02-24,125.13744354248047,323.3460388183594,169.0,139.88885498046875,389.2176818847656
2021-02-25,120.78483581542969,312.0733642578125,165.82000732421875,137.60438537597656,379.8392028808594
2021-02-26,121.05438232421875,313.3802185058594,161.80999755859375,142.15342712402344,377.88201904296875
2021-03-01,127.57331085205078,322.807373046875,161.52999877929688,140.2759246826172,387.04193115234375
2021-03-02,124.9078369140625,317.6299133300781,162.41000366210938,140.28590393066406,384.02178955078125
2021-03-03,121.85301971435547,308.4122619628906,160.6199951171875,138.76438903808594,378.9351501464844
2021-03-04,119.9262924194336,303.364501953125,159.0399932861328,137.86940002441406,374.2458801269531
2021-03-05,121.21410369873047,307.93341064453125,159.13999938964844,138.1378936767578,381.1307373046875
2021-03-08,116.16268920898438,299.2145690917969,157.49000549316406,137.06390380859375,379.2331848144531
2021-03-09,120.8846664428711,311.01593017578125,160.83999633789062,138.96328735351562,384.6476745605469
2021-03-10,119.77655792236328,310.12811279296875,161.66000366210938,139.24172973632812,387.04193115234375
2021-03-11,121.75318908691406,317.2707824707031,161.52000427246094,138.23733520507812,390.9662170410156
2021-03-12,120.82476806640625,314.697021484375,161.49000549316406,135.30374145507812,391.4927673339844
2021-03-15,123.77974700927734,318.058837890625,162.1999969482422,136.09930419921875,393.82745361328125
2021-03-16,125.35707092285156,319.80462646484375,162.35000610351562,135.5523681640625,393.33074951171875
2021-03-17,124.54844665527344,321.1214599609375,163.50999450683594,134.5380096435547,394.67193603515625
2021-03-18,120.32561492919922,311.2853088378906,162.55999755859375,133.17564392089844,388.9295959472656
2021-03-19,119.78652954101562,312.3826599121094,163.24000549316406,134.0010223388672,388.2099609375
2021-03-22,123.18077087402344,318.2408142089844,163.0,135.5026092529297,391.3097839355469
2021-03-23,122.33221435546875,316.8524475097656,161.80999755859375,136.72581481933594,388.2298889160156
2021-03-24,119.88636016845703,311.5086364746094,162.3699951171875,137.46168518066406,386.2563171386719
2021-03-25,120.38551330566406,310.9692687988281,161.77999877929688,136.37774658203125,388.4292297363281
2021-03-26,121.00446319580078,315.63385009765625,162.24000549316406,135.90042114257812,394.6887512207031
2021-03-29,121.18415832519531,315.5439758300781,160.30999755859375,134.74685668945312,394.4894104003906
2021-03-30,119.69668579101562,313.955810546875,157.57000732421875,135.45291137695312,393.4428405761719
2021-03-31,121.94287109375,318.76025390625,159.9600067138672,134.69712829589844,395.03759765625
2021-04-01,122.79142761230469,324.1939392089844,161.97999572753906,136.93270874023438,399.3036193847656
2021-04-05,125.68651580810547,330.6664123535156,161.9199981689453,136.33523559570312,405.0348815917969
2021-04-06,125.99598693847656,330.43670654296875,163.22000122070312,137.26132202148438,404.7956848144531
2021-04-07,127.68312072753906,331.2357482910156,162.75999450683594,136.30535888671875,405.2641296386719
2021-04-08,130.13894653320312,334.6917419433594,164.50999450683594,137.4306182861328,407.1878356933594
2021-04-09,132.77447509765625,336.7193908691406,163.27000427246094,136.93270874023438,410.1481628417969
2021-04-12,131.0174560546875,336.2799377441406,162.27999877929688,136.87295532226562,410.2976989746094
2021-04-13,134.20204162597656,340.20538330078125,163.42999267578125,137.89865112304688,411.513671875
2021-04-14,131.80612182617188,336.1201171875,162.72000122070312,137.46047973632812,410.1083068847656
2021-04-15,134.2719268798828,341.21417236328125,165.35000610351562,139.7607879638672,414.5138854980469
2021-04-16,133.93251037597656,341.6137390136719,166.35000610351562,138.6753692626953,415.89935302734375
2021-04-19,134.61134338378906,338.48736572265625,165.88999938964844,138.27703857421875,413.85601806640625
2021-04-20,132.88429260253906,336.0202331542969,166.47999572753906,138.9143524169922,410.8259582519531
2021-04-21,133.27362060546875,338.8968811035156,168.1300048828125,139.1931915283203,414.7132263183594
2021-04-22,131.71627807617188,334.8116455078125,167.0399932861328,139.8006134033203,410.9256286621094
2021-04-23,134.0922393798828,339.0267333984375,166.39999389648438,139.4720001220703,415.38104248046875
2021-04-26,134.49156188964844,341.2341613769531,166.83999633789062,139.27284240722656,416.2481994628906
2021-04-27,134.162109375,339.7558898925781,166.4199981689453,138.05796813964844,416.15850830078125
2021-04-28,133.35348510742188,338.6072082519531,166.91000366210938,138.1475830078125,416.03887939453125
2021-04-29,133.253662109375,339.8258056640625,166.22000122070312,137.73931884765625,418.6902160644531
2021-04-30,131.23709106445312,337.598388671875,165.66000366210938,138.05796813964844,415.939208984375
2021-05-03,132.31524658203125,335.80047607421875,167.80999755859375,138.1407470703125,416.8363037109375
2021-05-04,127.6332015991211,329.75750732421875,166.5800018310547,139.07818603515625,414.26470947265625
2021-05-05,127.8827896118164,328.6487731933594,167.27000427246094,139.3075408935547,414.394287109375
2021-05-06,129.52000427246094,331.12591552734375,170.05999755859375,139.5369110107422,417.7034606933594
2021-05-07,130.2100067138672,333.8127746582031,171.58999633789062,138.8488006591797,420.7434997558594
2021-05-10,126.8499984741211,325.382568359375,172.11000061035156,137.4426727294922,416.5771484375
2021-05-11,125.91000366210938,324.9330749511719,172.13999938964844,136.66477966308594,412.8592834472656
2021-05-12,122.7699966430664,316.5228576660156,170.42999267578125,135.22874450683594,404.0880126953125
2021-05-13,124.97000122070312,318.9700012207031,171.1300048828125,135.4381561279297,408.9421081542969
2021-05-14,127.44999694824219,326.0118408203125,172.69000244140625,136.70468139648438,415.2215576171875
2021-05-17,126.2699966430664,324.03411865234375,174.6999969482422,136.4154815673828,414.1650085449219
2021-05-18,124.8499984741211,321.8466491699219,175.0399932861328,136.0664520263672,410.5967102050781
2021-05-19,124.69000244140625,322.2162170410156,175.16000366210938,135.7373504638672,409.52020263671875
2021-05-20,127.30999755859375,328.448974609375,175.9600067138672,136.85426330566406,413.9258117675781
2021-05-21,125.43000030517578,326.631103515625,176.0399932861328,137.29307556152344,413.5869140625
2021-05-24,127.0999984741211,332.124755859375,176.35000610351562,137.80166625976562,417.8031311035156
2021-05-25,126.9000015258789,332.5841979980469,177.9499969482422,139.07818603515625,416.87615966796875
2021-05-26,126.8499984741211,333.74285888671875,177.63999938964844,138.8388214111328,417.7034606933594
2021-05-27,125.27999877929688,332.49432373046875,177.7100067138672,138.28036499023438,417.9227294921875
2021-05-28,124.61000061035156,333.5430908203125,178.3800048828125,138.06097412109375,418.6702880859375
2021-06-01,124.27999877929688,332.43438720703125,177.89999389648438,138.03001403808594,418.301513671875
2021-06-02,125.05999755859375,333.0836181640625,178.77000427246094,138.34957885742188,418.9593200683594
2021-06-03,123.54000091552734,329.6176452636719,175.27000427246094,137.83026123046875,417.4044189453125
2021-06-04,125.88999938964844,335.2111511230469,177.16000366210938,139.71778869628906,421.2219543457031
2021-06-07,125.9000015258789,336.2099914550781,177.8699951171875,139.28836059570312,420.81329345703125
2021-06-08,126.73999786376953,336.36981201171875,177.32000732421875,140.26707458496094,420.9029846191406
2021-06-09,127.12999725341797,336.44970703125,176.97999572753906,141.50547790527344,420.2750244140625
2021-06-10,126.11000061035156,339.9556579589844,177.74000549316406,142.35435485839844,422.2286376953125
2021-06-11,127.3499984741211,340.8446044921875,175.74000549316406,142.12466430664062,422.9263610839844
2021-06-14,130.47999572753906,344.11083984375,174.7100067138672,141.0360870361328,423.8732604980469
2021-06-15,129.63999938964844,341.8634338378906,174.0500030517578,140.86630249023438,423.0958251953125
2021-06-16,130.14999389648438,340.6148986816406,171.11000061035156,140.74644470214844,420.7335205078125
2021-06-17,131.7899932861328,344.93988037109375,165.85000610351562,142.85369873046875,420.593994140625
2021-06-18,130.4600067138672,342.2330017089844,164.92999267578125,145.5402069091797,414.9200134277344
2021-06-21,132.3000030517578,344.3599853515625,166.9499969482422,143.10337829589844,420.8599853515625
2021-06-22,133.97999572753906,347.57000732421875,166.25,143.4529266357422,423.1099853515625
2021-06-23,133.6999969482422,347.739990234375,166.13999938964844,143.0834197998047,422.6000061035156
2021-06-24,133.41000366210938,349.8900146484375,166.0399932861328,143.3131103515625,425.1000061035156
2021-06-25,133.11000061035156,349.4599914550781,166.58999633789062,141.82504272460938,426.6099853515625
2021-06-28,134.77999877929688,353.7099914550781,166.5800018310547,143.2831573486328,427.4700012207031
2021-06-29,136.3300018310547,354.989990234375,164.8300018310547,143.52284240722656,427.70001220703125
2021-06-30,136.9600067138672,354.42999267578125,165.6300048828125,144.16201782226562,428.05999755859375
